 10000 Link (China, Chinese Language - Simplified)   
 Web Site:100EC.CN (China, Chinese Language - Simplified)   
 Web Site:100PPI (China, Chinese Language - Simplified)   
 Web Site:163.com (Chinese Language - Simplified)   
 Web Site:21IC China Electronics Network (Chinese Language - Simplified)   
 Publication:36Kr Japan (China, Japanese Language)   
 Publication:A-Share ESG Controversy Summary Report Online (China, Chinese Language - Simplified)   
 Publication:A-Share ESG Controversy Summary Report Online (China, Chinese Language - Traditional)   
 Publication:A-Share ESG Controversy Summary Report Online (China)   
 Web Site:AAStocks Financial News (Chinese Language - Traditional)   
 Publication:AAStocks Financial News (Hong Kong, Chinese Language - Simplified)   
 Publication:AAStocks Financial News (Hong Kong, Chinese Language - Traditional)   
 Publication:AAStocks Financial News (Hong Kong)   
 Publication:Agence France Presse (Chinese Language - Simplified)   
 Publication:Agence France Presse (Chinese Language - Traditional)   
 Publication:AM730 (Hong Kong, Chinese Language – Simplified)   
 Publication:AM730 (Hong Kong, Chinese Language – Traditional)   
 Publication:Announcements of Securities Listed on Beijing Stock Exchange (Chinese Language - Simplified)   
 Publication:Announcements of Securities Listed on Beijing Stock Exchange (Chinese Language - Traditional)   
 Publication:Announcements of Securities Listed on National Equities Exchange And Quotations (China, Chinese Language - Simplified)   
 Publication:Announcements of Securities Listed on National Equities Exchange And Quotations (China, Chinese Language - Traditional)   
 Publication:Announcements of Securities Listed on Shanghai Stock Exchange (China, Chinese Language - Simplified)   
 Publication:Announcements of Securities Listed on Shanghai Stock Exchange (Chinese Language - Traditional)   
 Publication:Announcements of Securities Listed on Shenzhen Stock Exchange (China, Chinese Language - Simplified)   
 Publication:Announcements of Securities Listed on Shenzhen Stock Exchange (Chinese Language - Traditional)   
 Web Site:Application of Electronic Technique (Chinese Language - Simplified)   
 Web Site:Asia Asset Management   
 Web Site:Asia Textiles Network (China, Chinese Language - Simplified)   
 Web Site:ASMAG (Chinese Language - Simplified)   
 Web Site:Auto Made (Chinese Language - Simplified)   
 Web Site:Baijia Baidu (China, Chinese Language - Simplified)   
 Web Site:Ban Dao Daily (Chinese Language - Simplified)   
 Web Site:Baoding News-HEB.ChinaNews (Chinese Language - Simplified)   
 Web Site:Beelink (China, Chinese Language - Simplified)   
 Web Site:Beijing Chaoyang (Chinese Language - Simplified)   
 Web Site:Beijing Daily (Chinese Language - Simplified)   
 Web Site:Beijing Discipline Inspection and Supervision Network (Chinese Language - Simplified)   
 Web Site:Beijing Economic-Technological Development Area (Chinese Language - Simplified)   
 Web Site:Beijing Human Resource and Social Security Bureau (Chinese Language - Simplified)   
 Web Site:Beijing Information (China, French Language)   
 Web Site:Beijing Municipal Administration of Cultural Heritage (Chinese Language - Simplified)   
 Web Site:Beijing Municipal Commission of City Management (Chinese Language - Simplified)   
 Web Site:Beijing Municipal Commission of Rural Affairs (Chinese Language - Simplified)   
 Web Site:Beijing Municipal Commission of Transport (Chinese Language - Simplified)   
 Web Site:Beijing Municipal Environmental Protection Bureau (Chinese Language - Simplified)   
 Web Site:Beijing Municipal Science and Technology Commission (Chinese Language - Simplified)   
 Publication:The Beijing News (China, Chinese Language - Simplified)   
 Publication:The Beijing News (China, Chinese Language - Traditional)   
 Web Site:Beijing Official Website (Chinese Language- Simplified)   
 Web Site:Beijing Review   
 Web Site:Beijing Rundschau (China, German Language)   
 Web Site:Beijing Water Authority (Chinese Language - Simplified)   
 Web Site:Blog China (Chinese Language - Simplified)   
 Publication:Blue Whale Finance (China, Chinese Language - Simplified)   
 Publication:Blue Whale Finance (China, Chinese Language - Traditional)   
 Publication:Business Intelligence Magazine (Macau, Chinese Language - Simplfiied)   
 Publication:Business Intelligence Magazine (Macau, Chinese Language - Traditional)   
 Publication:Caiwen (China, Chinese Language - Simplified)   
 Publication:Caiwen (China, Chinese Language - Traditional)   
 Web Site:Caixin Global   
 Web Site:Caixin.com (Chinese Language - Simplified)   
 Web Site:Campaign Asia Pacific   
 Publication:Capital Asia (Chinese Language - Simplified)   
 Publication:Capital Asia (Chinese Language - Traditional)   
 Web Site:CBO News (China, Chinese Language - Simplified)   
 Web Site:CCTV.com (China, Chinese Language - Simplified)   
 Publication:Central News Agency English News   
 Web Site:The Central People's Government of the PRC (Chinese Language - Simplified)   
 Publication:CGTN Japanese (China, Japanese Language)   
 Publication:ChainDD (China, Chinese Language - Simplified)   
 Publication:ChainDD (China, Chinese Language - Traditional)   
 Web Site:Changjiang Business News (Chinese Language - Simplified)   
 Web Site:Chem Net (Chinese Language - Simplified)   
 Publication:Chengdu Economic Daily-Hongxing News (China, Chinese Language - Simplified)   
 Publication:Chengdu Economic Daily-Hongxing News (China, Chinese Language - Traditional)   
 Web Site:Chengdu News (Chinese Language - Simplified)   
 Web Site:Chennai Centre for China Studies   
 Web Site:China Airline News (Chinese Language - Simplified)   
 Web Site:China Atmosphere Net (Chinese Language- Simplified)   
 Web Site:China Automation (Chinese Language - Simplified)   
 Blogs:China Briefing   
 Web Site:China Briefing   
 Publication:China Business Journal (Chinese Language - Simplified)   
 Publication:China Business Journal (Chinese Language - Traditional)   
 Publication:China Business News (Chinese Language- Simplified)   
 Publication:China Business News (Chinese Language - Traditional)   
 Web Site:China Cement (Chinese Language - Simplified)   
 Web Site:China Chain Store & Franchise Association (Chinese Language- Simplified)   
 Web Site:China Chemical Equipment Net (Chinese Language - Simplified)   
 Web Site:China Concrete and Cement Products (Chinese Language - Simplified)   
 Publication:China Corporate News   
 Web Site:China Court (Chinese Language - Simplified)   
 Web Site:China Daily   
 Publication:China Daily   
 Web Site:China Daily (Chinese Language – Simplified)   
 Publication:China Daily-Hong Kong Edition   
 Web Site:China Development Research Foundation (Chinese Language - Simplified)   
 Web Site:China Drink Net (Chinese Language- Simplified)   
 Publication:China Economic Information Network (Chinese Language - Simplified)   
 Web Site:China Economic Net   
 Web Site:China Economic Net (Chinese Language – Simplified)   
 Web Site:China Education News (Chinese Language – Simplified)   
 Web Site:China Educational Equipment (Chinese Language - Simplified)   
 Web Site:China Electronic Commerce Logistics Service Network (China, Chinese Language - Simplified)   
 Web Site:China Embassy   
 Web Site:China Enterprise News Net (Chinese Language – Simplified)   
 Web Site:China Environment Protection (Chinese Language – Simplified)   
 Publication:China ESG Insights Spectrum (Chinese Language - Simplified)   
 Publication:China ESG Insights Spectrum (Chinese Language - Traditional)   
 Web Site:China Federation of Logistics & Purchasing (Chinese Language - Simplified)   
 Web Site:China Federation of Logistics and Purchasing (Chinese Language- Simplified)   
 Web Site:China Finance International Network (Chinese Language - Simplified)   
 Web Site:China Finance Net (Chinese Language - Simplified)   
 Web Site:China Food Safety Net (Chinese Language- Simplified)   
 Web Site:China Fujian (Chinese Language - Simplified)   
 Web Site:China Grain (Chinese Language - Simplified)   
 Web Site:China High-Tech (Chinese Language - Simplified)   
 Web Site:China Home Electrical Appliances (Chinese Language - Simplified)   
 Web Site:China Industrial Control (Chinese Language - Simplified)   
 Publication:China Industry Information Database (Chinese Language - Simplified)   
 Publication:China Industry Information Database (Chinese Language - Traditional)   
 Publication:China Infobank - News Channel (Chinese Language - Traditional)   
 Publication:China Infobank-China Law and Regulation (Chinese Language - Simplified)   
 Publication:China Infobank-China Law and Regulation (Chinese Language - Traditional)   
 Publication:China Infobank-China Listed Company (Chinese Language - Simplified)   
 Publication:China Infobank-China Listed Company (Chinese Language - Traditional)   
 Publication:China Infobank-News Channel (Chinese Language - Simplified)   
 Web Site:China Institute of International Studies (Chinese Language - Simplified)   
 Web Site:China Internet Information Center   
 Web Site:China Jilin Net (Chinese Language - Simplified)   
 Web Site:China Leather (Chinese Language - Simplified)   
 Web Site:China LED Net (Chinese Language - Simplified)   
 Web Site:China Logistics Information Center (China, Chinese Language - Simplified)   
 Publication:China Market News   
 Web Site:China Marketing Communications Net (Chinese Language Simplified)   
 Publication:China Media Project   
 Web Site:China Mining Net (Chinese Language - Simplified)   
 Web Site:China National Textile and Apparel Council (Chinese Language - Simplified)   
 Web Site:China New Energy (Chinese Language - Simplified)   
 Web Site:China New Financial Network (Chinese Language - Simplified)   
 Web Site:China News Service   
 Publication:China News Service   
 Publication:China News Service (Chinese Language - Simplified)   
 Publication:China News Service (Chinese Language - Traditional)   
 Publication:China News Service (Japanese Language)   
 Web Site:China News Service Anhui News (Chinese Language - Simplified)   
 Web Site:China News Service Beijing News (Chinese Language – Simplified)   
 Web Site:China News Service Gansu News (Chinese Language - Simplified)   
 Web Site:China News Service Guangdong News (Chinese Language - Simplified)   
 Web Site:China News Service Guangxi News (Chinese Language - Simplified)   
 Web Site:China News Service Hebei News (Chinese Language - Simplified)   
 Web Site:China News Service Henan News (Chinese Language - Simplified)   
 Web Site:China News Service Hunan News (Chinese Language - Simplified)   
 Web Site:China News Service Jiangsu News (Chinese Language – Simplified)   
 Web Site:China News Service Jilin News (Chinese Language - Simplified)   
 Web Site:China News Service Liaoning News (Chinese Language - Simplified)   
 Web Site:China News Service Shaanxi News (Chinese Language - Simplified)   
 Web Site:China News Service Shandong News (Chinese Language - Simplified)   
 Web Site:China News Service Shanghai News (Chinese Language – Simplified)   
 Web Site:China News Service Shanxi News (Chinese Language - Simplified)   
 Web Site:China News Service Sichuan News (Chinese Language - Simplified)   
 Web Site:China News Service Xinjiang News (Chinese Language - Simplified)   
 Web Site:China News Service Zhejiang News (Chinese Language – Simplified)   
 Publication:China News Service-China Business & Economic News (Chinese Language - Simplified)   
 Publication:China News Service-China Business & Economic News (Chinese Language - Traditional)   
 Web Site:China Nonferrous Metals Net (Chinese Language - Simplified)   
 Blogs:China Only Blog@sina (Chinese Language - Simplified)   
 Web Site:China Paper (Chinese Language - Simplified)   
 Web Site:China Pharmaceutical News (Chinese Language - Simplified)   
 Web Site:China Police Network (Chinese Language - Simplified)   
 Web Site:China Power (Chinese Language - Simplified)   
 Web Site:China Pumps Network (Chinese Language - Simplified)   
 Web Site:China Radio International - Czech (Czech Language)   
 Web Site:China Radio International - Italian (Italian Language)   
 Web Site:China Radio International - Polish (Polish Language)   
 Web Site:China Radio International - Portuguese (Portuguese Language)   
 Web Site:China Radio International - Turkish (Turkish Language)   
 Web Site:China Reports (Chinese Language - Simplified)   
 Publication:China Responsible Investment Report   
 Publication:China Responsible Investment Report (Chinese Language - Simplified)   
 Publication:China Responsible Investment Report (Chinese Language - Traditional)   
 Web Site:China Review News (Chinese Language - Traditional)   
 Web Site:China Road Transport Net (Chinese Language- Simplified)   
 Web Site:China Science & Technology Net (Chinese Language - Simplified)   
 Web Site:China Securities Investor Protection Funds (Chinese Language – Simplified)   
 Web Site:China Securities Journal (Chinese Language - Simplified)   
 Web Site:China Shipping Information (Chinese Language - Simplified)   
 Web Site:China Shipping Information Net (Chinese Language- Simplified)   
 Web Site:China Smart Net (Chinese Language - Simplified)   
 Web Site:China Solid Waste Net (Chinese Language- Simplified)   
 Web Site:China Straits News Net (Chinese Language - Simplified)   
 Web Site:China Telecommunications Net (Chinese Language- Simplified)   
 Web Site:China Textile Net (Chinese Language - Simplified)   
 Web Site:China Textile News (Chinese Language - Simplified)   
 Web Site:China Tibet Network (China, Chinese Language - Simplified)   
 Web Site:China Timber (Chinese Language - Simplified)   
 Web Site:China Times - Huaxia Shibao (Chinese Language – Simplified)   
 Web Site:China Today (China, German Language)   
 Publication:China Travel News   
 Web Site:China Water (Chinese Language - Simplified)   
 Publication:China Weekly News   
 Web Site:China Wine News (Chinese Language - Simplified)   
 Web Site:China Youth International (Chinese Language - Simplified)   
 Publication:China.com.cn (Chinese Language - Simplified)   
 Publication:China.com.cn (Chinese Language - Traditional)   
 Publication:china.org.cn   
 Web Site:China.org.cn   
 Web Site:China.org.cn (Russian Language)   
 Publication:chinaeconomicreview.com   
 Web Site:ChinaNet International (Chinese Language – Simplified)   
 Web Site:ChinaNet News (Chinese Language – Simplified)   
 Web Site:Chinese Academy of Engineering (China, Chinese Language - Simplified)   
 Web Site:Chinese Academy of Sciences (China, Chinese Language - Simplified)   
 Web Site:Chinese Central Government's Official Web Portal   
 Web Site:Chinese Pharmaceutical Enterprises Association (Chinese Language- Simplified)   
 Publication:The Chugoku Keizai Shimbun (China, Japanese Language)   
 Publication:The Chugoku Keizai Shimbun-Web Edition (China, Japanese Language)   
 Publication:Chutian Metropolis Daily Online - Jimu News (China, Chinese Language - Simplified)   
 Publication:Chutian Metropolis Daily Online - Jimu News (China, Chinese Language - Traditional)   
 Publication:cn.wsj.com (Chinese Language - Simplified)   
 Publication:cn.wsj.com (Chinese Language - Traditional)   
 Web Site:CNAir.com (China, Chinese Language - Simplified)   
 Web Site:CNDSC (China, Chinese Language - Simplified)   
 Publication:CNS (China News Service) (Japanese Language)   
 Web Site:CNW News (Chinese Language - Simplified)   
 Web Site:Communication World Web (China, Chinese Language - Simplified)   
 Web Site:Control Engineering China (Chinese Language - Simplified)   
 Web Site:Creaders.net (China, Chinese Language - Simplified)   
 Web Site:CRI Online (China, Japanese Language)   
 Web Site:CRI Online (Chinese Language – Simplified)   
 Web Site:CRI Online Deutsch (China, German Language)   
 Web Site:CTSBW (China, Chinese Language - Simplified)   
 Web Site:CYZONE.cn (China, Chinese Language - Simplified)   
 Web Site:D1Net.com (Chinese Language - Simplified)   
 Publication:Dai Ichi Life Research Institute Report (Japanese Language)   
 Web Site:Dawn Group (China)   
 Web Site:Dayoo.com (Chinese Language – Simplified)   
 Web Site:Dazhong Daily (China)   
 Web Site:Dazhong Ribao-Dazhong Net (China, Chinese Language - Simplified)   
 Web Site:DCFever - Announcements (Greater China, Chinese Language - Traditional)   
 Web Site:Development and Reform Commission of Hunan Province (China, Chinese Language - Simplified)   
 Web Site:Development Research Center of the State Council (China, Chinese Language - Simplified)   
 Web Site:Dianshangbao (China, Chinese Language - Simplified)   
 Web Site:Direct Sales Baike (China, Chinese Language - Simplified)   
 Web Site:Direct Sales Blog (China, Chinese Language - Simplified)   
 Web Site:DM Today (China, Chinese Language - Simplified)   
 Web Site:DoIT (Chinese Language - Simplified)   
 Web Site:DoNews (Chinese Language - Simplified)   
 Web Site:Dongtaiwang (Chinese Language - Simplified)   
 Publication:Dow Jones Newswires Chinese (China, Chinese Language - Simplified)   
 Publication:Dow Jones Newswires Chinese (China, Chinese Language - Traditional)   
 Web Site:DZSC Electronics Markets (Chinese Language - Simplified)   
 Web Site:East Money - Stocks (Chinese Language - Simplified)   
 Publication:East Week (Hong Kong, Chinese Language - Simplified)   
 Publication:East Week (Hong Kong, Chinese Language - Traditional)   
 Web Site:EastDay   
 Web Site:eBeijing (Chinese Language - Simplified)   
 Web Site:Economic Digest (Hong Kong, Chinese Language - Traditional)   
 Web Site:Economic Information Daily (Chinese Language- Simplified)   
 Web Site:Economic Observer (China, Chinese (simplified) Language)   
 Web Site:EEtrend (Chinese Language - Simplified)   
 Publication:EJ Insight   
 Web Site:Electronic Engineering & Product World (Chinese Language - Simplified)   
 Publication:EMSOne News (Japanese Language)   
 Publication:en.imsilkroad.com (China)   
 Web Site:eNet.com.cn (Chinese Language - Simplified)   
 Web Site:Epoch Times (Taiwan, Chinese (traditional) Language)   
 Publication:EqualOcean (China, Chinese Language - Simplified)   
 Publication:EqualOcean (China, Chinese Language - Traditional)   
 Publication:EqualOcean (China)   
 Publication:ET Net News (Hong Kong, Chinese Language - Simplified)   
 Publication:ET Net News (Hong Kong, Chinese Language - Traditional)   
 Publication:ET Net News (Hong Kong)   
 Publication:etmag.com (Hong Kong)   
 Publication:EUROTRADE Chinese (Chinese Language - Simplified)   
 Publication:EUROTRADE Chinese (Chinese Language - Traditional)   
 Publication:Eworldship.com (China, Chinese Language - Simplified)   
 Publication:Eworldship.com (China, Chinese Language - Traditional)   
 Web Site:Finance Asia   
 Publication:Finet Newswires - China (Chinese Language - Simplified)   
 Publication:Finet Newswires - China (Chinese Language - Traditional)   
 Publication:Finet Newswires - Hong Kong (Chinese Language - Simplified)   
 Publication:Finet Newswires - Hong Kong (Chinese Language - Traditional)   
 Publication:FISCO FX Global Strategy (Japanese Language)   
 Web Site:FoodInc 小食代 (China, Chinese Language - Simplified)   
 Web Site:French Centre for Research on Contemporary China   
 Web Site:Gansu Daily (Chinese Language - Simplified)   
 Web Site:Gansu Farmers Net (China, Chinese Language - Simplified)   
 Publication:Gasgoo Automotive News   
 Publication:Gasgoo Automotive News (China, Chinese Language - Simplified)   
 Publication:Gasgoo Automotive News (China, Chinese Language - Traditional)   
 Web Site:GizChina   
 Publication:Global Times (China, Chinese Language - Simplified)   
 Publication:Global Times (China, Chinese Language - Traditional)   
 Publication:Global Times (China, National Edition)   
 Publication:Global Times (China, Web Edition)   
 Web Site:Gong Qing Cheng News Net (China, Chinese Language - Simplified)   
 Web Site:Green Net (China, Chinese Language - Simplified)   
 Web Site:Greenpeace (Chinese Language - Simplified)   
 Web Site:Guandong Provincial Public Security Department (China, Chinese Language - Simplified)   
 Web Site:Guangdong Health and Family Planning (China, Chinese Language - Simplified)   
 Publication:GuruClub News (China, Chinese Language - Simplified)   
 Publication:GuruClub News (China, Chinese Language - Traditional)   
 Web Site:Haikou Evening News - Haikou Net (China, Chinese Language - Simplified)   
 Web Site:Hainan Food and Drug Administration (China, Chinese Language -Simplified)   
 Web Site:Hainan Online (Chinese Language – Simplified)   
 Web Site:Haiwainet News (Chinese Language - Simplified)   
 Web Site:Harbin News (Chinese Language - Simplified)   
 Publication:Headline Daily (Hong Kong, Chinese (simplified) Language)   
 Publication:Headline Daily (Hong Kong, Chinese (traditional) Language)   
 Web Site:Health Times (China, Chinese Language - Simplified)   
 Web Site:Hebei Net (Chinese Language - Simplified)   
 Web Site:Hebei Network (Chinese Language - Simplified)   
 Web Site:Hexun Finance (Chinese Language – Simplified)   
 Web Site:Hexun Stocks (Chinese Language - Simplified)   
 Web Site:HNR - 映象网 (China, Chinese Language - Simplified)   
 Publication:Hong Kong Business Times (Chinese Language - Simplified)   
 Publication:Hong Kong Business Times (Chinese Language - Traditional)   
 Web Site:Hong Kong China News Agency (Chinese Language - Traditional)   
 Publication:Hong Kong Consumer Council Release   
 Publication:Hong Kong Consumer Council Release (Chinese Language - Simplified)   
 Publication:Hong Kong Consumer Council Release (Chinese Language - Traditional)   
 Publication:Hong Kong Economic Journal (Chinese Language - Simplified)   
 Publication:Hong Kong Economic Journal (Chinese Language - Traditional)   
 Publication:Hong Kong Economic Journal Monthly (Chinese Language - Simplified)   
 Publication:Hong Kong Economic Journal Monthly (Chinese Language - Traditional)   
 Publication:Hong Kong Economic Times (Chinese Language - Simplified)   
 Publication:Hong Kong Economic Times (Chinese Language - Traditional)   
 Web Site:Hong Kong Economy News (Chinese Language - Simplified)   
 Web Site:Hong Kong Exchanges and Clearing Ltd.   
 Publication:Hong Kong Free Press   
 Publication:Hong Kong Government News   
 Web Site:Hong Kong Monetary Authority (Chinese Language - Traditional)   
 Publication:Hong Kong Shipping Gazette Daily Chinese Enews (Chinese Language - Simplified)   
 Publication:Hong Kong Shipping Gazette Daily Chinese Enews (Chinese Language - Traditional)   
 Web Site:Hong Kong Trade Development Council   
 Web Site:House of Trucks (Chinese Language- Simplified)   
 Web Site:HowBuy (China, Chinese Language - Simplified)   
 Web Site:Huan Bo Hai News (China, Chinese Language Simplified)   
 Web Site:Huashang Net (Chinese Language – Simplified)   
 Web Site:Huasheng Online (Chinese Language - Simplified)   
 Web Site:Huaxia (Chinese Language - Simplified)   
 Web Site:Huxiu Tiger Sniff (China, Chinese Language - Simplified)   
 Publication:iMoney (Hong Kong, Chinese Language - Simplified)   
 Publication:iMoney (Hong Kong, Chinese Language - Traditional)   
 Web Site:Information Morning Post (China, Chinese (simplified) Language)   
 Publication:Initium Media (Hong Kong, Chinese Language – Simplified)   
 Publication:Initium Media (Hong Kong, Chinese Language – Traditional)   
 Publication:inmediahk.net (Hong Kong, Chinese Language - Simplified)   
 Publication:inmediahk.net (Hong Kong, Chinese Language - Traditional)   
 Web Site:Inner Mongolia Development and Reform Commission (China, Chinese Language - Simplified)   
 Publication:Inside US-China Trade   
 Web Site:Internet Society of China (Chinese Language- Simplified)   
 Blogs:Investing in Chinese Stocks   
 Publication:investoday.com.cn (China, Chinese Language - Traditional)   
 Publication:investoday.com.cn (China, Chinese Language - Traditional)   
 Publication:irasia.com: Listed Companies - Company Announcements (Hong Kong, Chinese Language - Simplified)   
 Publication:irasia.com: Listed Companies - Press Releases (Hong Kong, Chinese Language - Simplified)   
 Publication:irasia.com: Listed Companies - Press Releases (Hong Kong, Chinese Language - Traditional)   
 Publication:irasia.com: Listed Companies – Company Announcements (Hong Kong, Chinese Language - Traditional)   
 Publication:ITmedia PC USER (Japanese Language)   
 Web Site:Jiangnan City Daily (China, Chinese (simplified) Language)   
 Web Site:Jiangsu China (Chinese Language - Simplified)   
 Web Site:Jiangsu Net (Chinese Language – Simplified)   
 Web Site:Jiangxi Dajiang Net (Chinese Language – Simplified)   
 Web Site:Jiangxi Net (Chinese Language - Simplified)   
 Web Site:Jiangxi News - Information Daily (China, Chinese (simplified) Language)   
 Web Site:Jiaodong Online (Chinese Language - Simplified)   
 Publication:Jiemian News (China, Chinese Language - Simplified)   
 Publication:Jiemian News (China, Chinese Language - Traditional)   
 Web Site:Jiemian.com (Chinese Language - Simplified)   
 Publication:Jimu News App (China, Chinese Language - Simplified)   
 Publication:Jimu News App (China, Chinese Language - Traditional)   
 Publication:Jing Daily (China, Chinese Language - Simplified)   
 Publication:Jing Daily (China, Chinese Language - Traditional)   
 Publication:Jing Daily (China)   
 Web Site:Jiuzheng Building Materials Net (Chinese Language - Simplified)   
 Publication:Jornal Tribuna de Macau (Portuguese Language)   
 Web Site:Jornal Va Kio (Macau, Chinese - Traditional Language)   
 Publication:Jornal Va Kio (Macau, Chinese Language - Simplified)   
 Publication:Jornal Va Kio (Macau, Chinese Language - Traditional)   
 Web Site:JRJ.com (China, Chinese Language – Simplified)   
 Web Site:Kan Kan News (Chinese Language - Simplified)   
 Web Site:Kejixun (Chinese Language - Simplified)   
 Web Site:Law Library (Chinese Language - Simplified)   
 Blogs:Lee Yang Personal Blog (Chinese Language - Simplified)   
 Web Site:Ling Shou Wang (China, Chinese Language - Simplified)   
 Blogs:Ma Dingsheng's Blog (Chinese Language - Simplified)   
 Publication:Macao Daily News (Chinese Language - Simplified)   
 Publication:Macao Daily News (Chinese Language - Traditional)   
 Publication:Macau Business Magazine   
 Web Site:Macau Daily Times   
 Publication:Macau Daily Times   
 Web Site:Macau News   
 Publication:Macau News Agency   
 Publication:metal.com (China)   
 Web Site:Metro Finance FM104 (Hong Kong, Chinese Language - Traditional)   
 Web Site:Metro Radio (Hong Kong)   
 Publication:Ming Pao Daily News (Hong Kong, Chinese Language - Simplified)   
 Publication:Ming Pao Daily News (Hong Kong, Chinese Language - Traditional)   
 Publication:Ming Pao Instant News (Hong Kong, Chinese Language - Simplified)   
 Publication:Ming Pao Instant News (Hong Kong, Chinese Language - Traditional)   
 Web Site:MingTianDi   
 Web Site:Ministry of Culture and Tourism of the People's Republic of China (Chinese Language - Simplified)   
 Web Site:Ministry of Education of the People's Republic of China (Chinese Language - Simplified)   
 Web Site:Ministry of Emergency Management of the People's Republic of China (China, Chinese Language - Simplified)   
 Web Site:Ministry of Finance of the People's Republic of China (Chinese Language - Simplified)   
 Web Site:Ministry of Housing and Urban-Rural Development of the People's Republic of China (Chinese Language - Simplified)   
 Web Site:Ministry of Industry and Information Technology of the People's Republic of China (Chinese Language - Simplified)   
 Web Site:Ministry of Science and Technology of the People´s Republic of China (Chinese Language - Simplified)   
 Blogs:Mipu Blog (Chinese Language - Simplified)   
 Publication:Modern China (Abstracts)   
 Web Site:Money Weekly (Chinese Language - Simplified)   
 Web Site:MyDrivers.com (Chinese Language - Simplified)   
 Web Site:National Business Daily (Chinese Language – Simplified)   
 Web Site:National Energy Administration (China, Chinese Language - Simplified)   
 Publication:National Inter-bank Bond Market Announcements (China, Chinese Language - Simplified)   
 Publication:National Inter-bank Bond Market Announcements (China, Chinese Language - Traditional)   
 Web Site:Neimenggu News Net (Chinese Language - Simplified)   
 Web Site:NetEase (Chinese Language – Simplified)   
 Web Site:New Energy 21 (Chinese Language - Simplified)   
 Web Site:New Monday (Hong Kong, Chinese Language - Traditional)   
 Web Site:New Tang Dynasty Television (Chinese Language - Simplified)   
 Web Site:News of the communist Party of China (Chinese Language - Simplified)   
 Web Site:News of the Communist Party of China (Chinese Language - Traditional)   
 Web Site:NFZM (Chinese Language - Simplified)   
 Web Site:Ningxia Hui Autonomous Region Development and Reform Commission (China, Chinese Language - Simplified)   
 Publication:NNA - China Edition (Japanese Language)   
 Publication:NNA - Hong Kong Edition (Japanese Language)   
 Web Site:North China Net-Liaoning News (Chinese Language - Simplified)   
 Web Site:Northeast China News (Chinese Language - Simplified)   
 Web Site:Now TV (Hong Kong, Chinese Language - Traditional)   
 Web Site:Observer (Chinese Language - Simplified)   
 Blogs:Old D Blog (Chinese Language - Simplified)   
 Web Site:Ordos Development and Reform Commission (China, Chinese Language - Simplified)   
 Publication:Oriental Daily News (Hong Kong, Chinese Language - Simplified)   
 Publication:Oriental Daily News (Hong Kong, Chinese Language - Traditional)   
 Web Site:Oriental Sunday (Hong Kong, Chinese Language - Traditional)   
 Web Site:Overseas Chinese Affairs Office of the State Council (Chinese Language - Simplified)   
 Web Site:Oz Chinese (Chinese Language - Simplified)   
 Publication:Pandaily (China)   
 Publication:Panorama Financial News (China, Chinese Language - Simplified)   
 Publication:Panorama Financial News (China, Chinese Language - Traditional)   
 Web Site:The Paper (China, Chinese Language - Simplified)   
 Web Site:PE Daily (China, Chinese Language - Simplified)   
 Web Site:People's Daily (Beijing)   
 Publication:People's Daily Online (China, Arabic Language)   
 Web Site:People's Daily Online (China, Japanese Language)   
 Publication:People's Daily Online (China, Japanese Language)   
 Web Site:People's Daily Online (China, Russian Language)   
 Publication:People's Daily Online (China)   
 Web Site:People's Daily Online Beijing News (Chinese Language – Simplified)   
 Web Site:People's Daily Online Fujian News (China, Chinese Language - Simplified)   
 Web Site:People's Daily Online Gansu News (Chinese Language - Simplified)   
 Web Site:People's Daily Online Guangdong News (Chinese Language - Simplified)   
 Web Site:People's Daily Online Guangxi News (Chinese Language - Simplified)   
 Web Site:People's Daily Online Guizhou News (Chinese Language - Simplified)   
 Web Site:People's Daily Online Hainan News (Chinese Language – Simplified)   
 Web Site:People's Daily Online Hebei News (Chinese Language - Simplified)   
 Web Site:People's Daily Online Heilongjiang News (Chinese Language - Simplified)   
 Web Site:People's Daily Online Hubei News (Chinese Language - Simplified)   
 Web Site:People's Daily Online Hunan News (Chinese Language - Simplified)   
 Web Site:People's Daily Online Jiangsu News (Chinese Language – Simplified)   
 Web Site:People's Daily Online Jiangxi News (Chinese Language - Simplified)   
 Web Site:People's Daily Online Ningxia News (Chinese Language - Simplified)   
 Web Site:People's Daily Online Qinghai News (Chinese Language - Simplified)   
 Web Site:People's Daily Online Shaanxi News (Chinese Language - Simplified)   
 Web Site:People's Daily Online Shandong News (Chinese Language – Simplified)   
 Web Site:People's Daily Online Shanghai News (Chinese Language - Simplified)   
 Web Site:People's Daily Online Sichuan News (Chinese Language - Simplified)   
 Web Site:People's Daily Online Tibet News (Chinese Language - Simplified)   
 Web Site:People's Daily Online Xinjiang News (Chinese Language - Simplified)   
 Web Site:People's Daily Online Yunnan News (Chinese Language - Simplified)   
 Web Site:People's Daily Online Zhejiang News (China, Chinese Language - Simplified)   
 Web Site:People's Net – China (Chinese Language - Simplified)   
 Publication:People’s Daily Online (China, Chinese Language - Simplified)   
 Publication:People’s Daily Online (China, Chinese Language - Traditional)   
 Publication:People’s Daily Online (China, French Language)   
 Publication:People’s Daily Online (China, German Language)   
 Publication:People’s Daily Online (China, Portuguese Language)   
 Publication:People’s Daily Online (China, Russian Language)   
 Publication:People’s Daily Online (China, Spanish Language)   
 Web Site:People’s Daily Overseas Edition (China, Chinese Language - Simplified)   
 Web Site:People’s Net – Hong Kong & Macau (Chinese Language – Simplified)   
 Web Site:People’s Net Finance (China, Chinese Language – Simplified)   
 Web Site:People’s Net World (Chinese Language – Simplified)   
 Web Site:Pharmaceutical Net (Chinese Language - Simplified)   
 Blogs:Ponto Final (Portuguese Language)   
 Publication:PR Newswire Asia   
 Web Site:PR Newswire Asia (Chinese Language - Simplified)   
 Publication:PR Newswire Asia-DS (Chinese Language - Simplified)   
 Publication:PR Newswire Asia-DT (Chinese Language - Traditional)   
 Publication:PR Newswire Asia-OS (Chinese Language - Simplified)   
 Publication:PR Newswire Asia-OT (Chinese Language - Traditional)   
 Web Site:Pueblo en Línea (China, Spanish Language)   
 Web Site:Qilu Net (Chinese Language – Simplified)   
 Web Site:Le Quotidien du Peuple (China, French Language)   
 Publication:recordchina.co.jp (China, Japanese Language)   
 Web Site:Red Cross Society of China (Chinese Language - Simplified)   
 Publication:Regional Equity Exchange Announcements (China, Chinese Language - Simplified)   
 Publication:Regional Equity Exchange Announcements (China, Chinese Language - Traditional)   
 Publication:Regulations and Services Announcements (China, Chinese Language - Simplified)   
 Publication:Regulations and Services Announcements (China, Chinese Language - Traditional)   
 Publication:Reuters - News in Chinese (China, Chinese Language - Simplified)   
 Publication:Reuters - News in Chinese (China, Chinese Language - Traditional)   
 Web Site:RTHK English News (Hong Kong)   
 Web Site:Russian Perspective (Chinese Language - Simplified)   
 Web Site:Science Net (Chinese Language - Simplified)   
 Publication:scmp.com (Hong Kong)   
 Publication:Searchina (Japanese Language)   
 Web Site:Securities News-CCStock (Chinese Language - Simplified)   
 Web Site:Securities Times (China, Chinese Language - Simplified)   
 Publication:Securities Times (China, Chinese Language - Simplified)   
 Publication:Securities Times (China, Chinese Language - Traditional)   
 Web Site:SEMI China Daily News (Chinese Language - Simplified)   
 Web Site:Shandong Online (Chinese Language - Simplified)   
 Publication:Shanghai Daily (China)   
 Publication:Shanghai Daily Online   
 Publication:Shanghai Metals Market (Chinese Language - Simplified)   
 Publication:Shanghai Metals Market (Chinese Language - Traditional)   
 Publication:Shanghai Securities News (China, Chinese Language - Simplified)   
 Publication:Shanghai Securities News (China, Chinese Language - Traditional)   
 Publication:Shanghai Securities News Online (China, Chinese Language - Simplified)   
 Publication:Shanghai Securities News Online (China, Chinese Language – Traditional)   
 Blogs:Shanghaiist   
 Web Site:Shenzhen Daily (China)   
 Web Site:Shenzhen Health Inspection Bureau (China, Chinese Language - Simplified)   
 Web Site:Shipping Online (Chinese Language - Simplified)   
 Publication:shippingazette.com (Hong Kong)   
 Web Site:Shuimu Net-Yantai City Portal (Chinese Language - Simplified)   
 Web Site:SINA Beijing Property (Chinese Language - Simplified)   
 Web Site:SINA China News (Chinese Language – Simplified)   
 Web Site:SINA Finance Hong Kong (Chinese Language - Traditional)   
 Web Site:SINA Guangdong (China, Chinese Language - Simplified)   
 Web Site:SINA Jiang Xi (Chinese Language - Simplified)   
 Web Site:SINA Shanghai (Chinese Language - Simplified)   
 Web Site:SINA Zhe Jiang (Chinese Language - Simplified)   
 Publication:Sing Tao Daily News (Hong Kong, Chinese Language - Simplified)   
 Publication:Sing Tao Daily News (Hong Kong, Chinese Language - Traditional)   
 Web Site:Sky Post (Chinese Language - Traditional)   
 Web Site:SOHU Automobile (Chinese Language - Simplified)   
 Web Site:SOHU Business (Chinese Language – Simplified)   
 Web Site:SOHU Home Focus (Chinese Language – Simplified)   
 Web Site:SOHU IT (Chinese Language – Simplified)   
 Web Site:SOHU News (Chinese Language - Simplified)   
 Web Site:SOHU Sports (Chinese Language - Simplified)   
 Web Site:Soo Too (Chinese Language - Simplified)   
 Publication:South China Morning Post (Hong Kong)   
 Picture:South China Morning Post Photos    Search Only
 Web Site:South-East Net (Chinese Language - Simplified)   
 Web Site:Sport Net (Chinese Language - Simplified)   
 Publication:The Standard (Hong Kong)   
 Web Site:The State Council of the People's Republic of China   
 Web Site:State Forestry Administration (China, Chinese Language - Simplified)   
 Web Site:State Intellectual Property Office of the P. R. C. (Chinese Language - Simplified)   
 Blogs:Steven Cheung Blog@sina (Chinese Language - Simplified)   
 Web Site:Stock Star Finance (Chinese Language – Simplified)   
 Web Site:Suzhou Automobile (China, Chinese Language - Simplified)   
 Web Site:Ta Kung Finance (China, Chinese Language – Simplified)   
 Publication:Ta Kung Pao (Hong Kong, Chinese Language – Simplified)   
 Publication:Ta Kung Pao (Hong Kong, Chinese Language – Traditional)   
 Publication:Taiwan Economic Journal - China Company Profile   
 Publication:Taiwan Economic Journal - China Company Profile (Chinese Language - Simplified)   
 Publication:Taiwan Economic Journal - China Company Profile (Chinese Language - Traditional)   
 Publication:Taiwan Economic Journal - Hong Kong Company Profile (Chinese Language - Simplified)   
 Publication:Taiwan Economic Journal - Hong Kong Company Profile (Chinese Language - Traditional)   
 Web Site:Taiyuan Daily (China, Chinese Language - Simplified)   
 Web Site:Take Foto (China, Chinese Language - Simplified)   
 Web Site:Takungpao – Hong Kong Online (Chinese Language - Traditional)   
 Publication:TechNode (China, Chinese Language - Simplified)   
 Publication:TechNode (China, Chinese Language - Traditional)   
 Publication:TechNode (China)   
 Publication:TechNode Global (China)   
 Web Site:Textile Index (Chinese Language - Simplified)   
 Web Site:The State Archives Administration of the People's Republic of China (Chinese Language - Simplified)   
 Publication:ThinkChina   
 Publication:TMT Post (China)   
 Publication:TMT Post APP (China, Chinese Language - Simplified)   
 Publication:TMT Post APP (China, Chinese Language - Traditional)   
 Web Site:TMTPost (China, Chinese Language - Simplified)   
 Publication:TodayIR.com (Taiwan, Chinese Language - Simplified)   
 Publication:TodayIR.com (Hong Kong, Chinese Language - Traditional)   
 Publication:Toho Shinpo (China, Japanese Language)   
 Web Site:Toman Micro Electronics (Chinese Language - Simplified)   
 Publication:Top 10 Responsible Investment Trends in China   
 Publication:Top 10 Responsible Investment Trends in China (Chinese Language - Simplified)   
 Publication:Top 10 Responsible Investment Trends in China (Chinese Language - Traditional)   
 Web Site:Top Bank World (China, Chinese Language - Simplified)   
 Web Site:Top Marketing (Chinese Language - Simplified)   
 Web Site:Trade Finance (Chinese Language - Simplified)   
 Publication:TravelDaily China (Chinese Language - Simplified)   
 Publication:TravelDaily China (Chinese Language - Traditional)   
 Web Site:TTG BTmice (China, Chinese Language - Simplified)   
 Publication:TTG China (Chinese Language - Simplified)   
 Publication:TTG China (Chinese Language - Traditional)   
 Web Site:TY News CN (Chinese Language - Simplified)   
 Web Site:UN Chinese (Chinese Language - Simplified)   
 Web Site:Vision Union (Chinese Language - Simplified)   
 Web Site:Vogel Industry Media (Chinese Language - Simplified)   
 Publication:Want Daily (Taiwan, Chinese Language - Simplified)   
 Publication:Want Daily (Taiwan, Chinese Language - Traditional)   
 Web Site:Weekend Weekly (Hong Kong, Chinese Language - Traditional)   
 Web Site:Weihai news (Chinese Language - Simplified)   
 Publication:Wen Wei Po (Hong Kong, Chinese Language - Simplified)   
 Web Site:Wen Wei Po (Hong Kong, Chinese Language - Traditional)   
 Publication:Wen Wei Po (Hong Kong, Chinese Language - Traditional)   
 Web Site:Wenxue City (Chinese Language - Simplified)   
 Web Site:Wind HR (Chinese Language - Simplified)   
 Web Site:Wine-World (Chinese Language - Simplified)   
 Web Site:Women of China   
 Web Site:Worker China (Chinese Language - Simplified)   
 Publication:The World of Chinese (China)   
 Web Site:Wujing News (Chinese Language – Simplified)   
 Web Site:Wuzhou Daily (China, Chinese Language - Simplified)   
 Web Site:XHBY Net (China, Chinese Language - Simplified)   
 Web Site:Xi An Net (China, Chinese Language - Simplified)   
 Web Site:Xinhua Daily Telegraph (Chinese Language – Simplified)   
 Publication:Xinhua English Multimedia Newswire Service (China)   
 Publication:Xinhua French News Service (China, French Language)   
 Publication:Xinhua News (China, Chinese Language - Simplified)   
 Publication:Xinhua News (China, Chinese Language - Traditional)   
 Publication:Xinhua News Agency (China)   
 Publication:Xinhua Russian News Service (Russian Language)   
 Publication:Xinhua's China Economic Information Service   
 Web Site:XinhuaNet (China)   
 Web Site:Xinhuanet (Japanese Language)   
 Web Site:XinhuaNet Anhui News (China, Chinese Language - Simplified)   
 Web Site:XinhuaNet Beijing News (Chinese Language – Simplified)   
 Web Site:XinhuaNet Caijing (China, Chinese Language – Simplified)   
 Web Site:XinhuaNet Economic Information (China, Chinese Language - Simplified)   
 Web Site:XinhuaNet Finance (China, Chinese Language - Simplified)   
 Web Site:XinhuaNet Globe Magazine (Chinese Language - Simplified)   
 Web Site:XinhuaNet Guangdong News (China, Chinese Language - Simplified)   
 Web Site:XinhuaNet Guangxi News (China, Chinese Language - Simplified)   
 Web Site:XinhuaNet Guizhou News (China, Chinese Language - Simplified)   
 Web Site:XinhuaNet Hainan News (China, Chinese Language – Simplified)   
 Web Site:XinhuaNet Hebei News (China, Chinese Language - Simplified)   
 Web Site:XinhuaNet Hong Kong & Macau (Chinese Language – Simplified)   
 Web Site:XinhuaNet Jiangsu News (Chinese Language – Simplified)   
 Web Site:XinhuaNet Liaoning News (China, Chinese Language - Simplified)   
 Web Site:XinhuaNet News (China, Chinese Language – Simplified)   
 Web Site:XinhuaNet Ningxia News (China, Chinese Language - Simplified)   
 Web Site:XinhuaNet Qinghai News (China, Chinese Language - Simplified)   
 Web Site:XinhuaNet Shandong News (Chinese Language – Simplified)   
 Web Site:XinhuaNet Shanghai News (Chinese Language – Simplified)   
 Web Site:XinhuaNet Shanxi News (China, Chinese Language - Simplified)   
 Web Site:XinhuaNet Sichuan News (China, Chinese Language - Simplified)   
 Web Site:XinhuaNet Sports (China, Chinese Language – Simplified)   
 Web Site:XinhuaNet Tianjin News (Chinese Language – Simplified)   
 Web Site:XinhuaNet Tibet News (Chinese Language - Simplified)   
 Web Site:XinhuaNet Zhejiang News (China, Chinese Language – Simplified)   
 Web Site:Xinmin Weekly (Chinese Language - Simplified)   
 Web Site:Yangcheng Evening News (China, Chinese Language - Simplified)   
 Web Site:yesky.com (Chinese Language - Simplified)   
 Publication:yicaiglobal.com (China)   
 Web Site:Yilan Business (China, Chinese Language - Simplified)   
 Publication:YiMagazine (China, Chinese Language - Simplified)   
 Publication:YiMagazine (China, Chinese Language - Traditional)   
 Blogs:Yunfeng Blog (Chinese Language - Simplified)   
 Web Site:Yunnan Net (Chinese Language - Simplified)   
 Web Site:Zaker (China, Chinese Language - Simplified)   
 Web Site:ZDNet China (Chinese Language - Simplified)   
 Web Site:Zhejiang Environmental Protection Bureau (China, Chinese Language - Simplified)   
 Web Site:Zhi Xiao Wang (China, Chinese Language - Simplified)   
 Web Site:ZOL (Chinese Language - Simplified)   