media_name,url
chinanews.com,http://www.chinanews.com/mil/2018/06-30/8552129.shtml
xinhuanet.com,http://www.xinhuanet.com/politics/2018-06/30/c_1123059151.htm
voc.com.cn,http://hunan.voc.com.cn/article/201806/201806301027556256.html
people.com.cn,http://sports.people.com.cn/worldcup2018/n1/2018/0630/c418684-30097237.html
ce.cn,http://ce.cn/xwzx/gnsz/gdxw/201806/30/t20180630_29580863.shtml
huanqiu.com,http://world.huanqiu.com/exclusive/2018-07/12394543.html
lzbs.com.cn,http://www.lzbs.com.cn/ttnews/2018-07/02/content_4398536.htm
01ny.cn,http://news.01ny.cn/2018/fazhizongheng_0713/967320.html
cnhubei.com,http://sports.cnhubei.com/2018/0716/399532.shtml
syd.com.cn,http://finance.syd.com.cn/system/2018/07/30/011670743.shtml
bjd.com.cn,http://www.bjd.com.cn/jx/jj/201807/31/t20180731_11089189.html
hangzhou.com.cn,http://jrsh.hangzhou.com.cn/sale/content/2018-07/31/content_7044621.htm
lyd.com.cn,http://news.lyd.com.cn/system/2018/08/04/030754430.shtml
southcn.com,http://dg.southcn.com/content/2018-09/02/content_183151592.htm
china.com.cn,http://news.china.com.cn/2018-10/07/content_65124244.htm
chinadaily.com.cn,http://cn.chinadaily.com.cn/2018-10/20/content_37108458.htm
xhby.net,http://js.xhby.net/system/2018/11/11/030894128.shtml
yangtse.com,http://www.yangtse.com/app/sports/2018-12-02/646598.html
cctv.com,http://m.news.cctv.com/2018/12/09/ARTIoDVB1tlTn90BksTTLs6S181209.shtml
gmw.cn,http://politics.gmw.cn/2018-12/09/content_32134461.htm
cet.com.cn,http://www.cet.com.cn/whpd/whrd/2146080.shtml
qstheory.cn,http://www.qstheory.cn/llwx/2019-01/26/c_1124045768.htm
zjol.com.cn,http://zjtyol.zjol.com.cn/tyjsb/201904/t20190416_9909567.shtml
cri.cn,http://sports.cri.cn/20190416/951a55e8-cb80-3804-4c38-c3dafd64ab79.html
ycwb.com,http://wap.ycwb.com/2019-04/19/content_30242800.htm
dzwww.com,https://www.dzwww.com/xinwen/guojixinwen/201904/t20190428_18666134.htm
rednet.cn,https://sports.rednet.cn/content/2019/02/06/4760145.html
qianlong.com,http://sports.qianlong.com/2019/0219/3119469.shtml
legaldaily.com.cn,http://www.legaldaily.com.cn/index/content/2019-02/27/content_7782565.htm
jcrb.com,http://news.jcrb.com/jxsw/201903/t20190302_1968982.html
timedg.com,http://www.timedg.com/sjb/p/20827660.html
xmnn.cn,https://news.xmnn.cn/xmnn/2019/05/03/100529757.shtml
jxnews.com.cn,http://news.jxnews.com.cn/system/2019/05/03/017482261.shtml
66wz.com,http://news.66wz.com/system/2019/05/12/105165588.shtml
qlwb.com.cn,http://www.qlwb.com.cn/2019/0520/1428950.shtml
yunnan.cn,http://yn.yunnan.cn/system/2019/05/21/030281888.shtml
nmgnews.com.cn,http://sports.nmgnews.com.cn/system/2019/06/03/012719877.shtml
cnnb.com.cn,http://news.cnnb.com.cn/system/2019/06/18/030060697.shtml
fynews.net,https://news.fynews.net/article-177378-1.html
cjn.cn,http://news.cjn.cn/gnxw/201907/t3434390.htm
eastday.com,http://sh.eastday.com/m/20190731/u1ai12717586.html
81.cn,http://www.81.cn/2019qglhzt/2019-03/07/content_9443911.htm
